GESTOR,DEPARTAMENTO,MUNICIPIO,# ZONAS WIFI,NOMBRE DEL SITIO,DIRECCIÓN ,UBICACIÓN,Nueva columna georreferenciada_1
Gobernación,Valle del Cauca,Alcalá,1,Parque la Plazuela,Entre Calle 6 y Kra 8,"(4.673952,-75.785237)","(4.673952, -75.785237)"
Gobernación,Valle del Cauca,Andalucía,1,Parque vicente H Cruz,Kra 4  calles 12 y13,"(4.169385,-76.167136)","(4.169385, -76.167136)"
Gobernación,Valle del Cauca,Andalucía,1,Pista Atlética Carrera entre Calle 20 y 21,Kra 9 calles 20 y 21,"(4.176936,-76.16458)","(4.176936, -76.16458)"
Gobernación,Valle del Cauca,Ansermanuevo,1,Parque principal,Kra 4 calle 6 y 7,"(4.795833,-75.994167)","(4.795833, -75.994167)"
Gobernación,Valle del Cauca,Ansermanuevo,1,Corregimiento gramalote,Calle 2 # 3-03E,"(4.788333,-75.9888888888889)","(4.788333, -75.9888888888889)"
Gobernación,Valle del Cauca,Argelia,1,Parque principal,Kra 6 # 2-44,"(4.727185,-76.121506)","(4.727185, -76.121506)"
Gobernación,Valle del Cauca,Argelia,1,Barrio el triangulo,Calle 4 con carrera 4 No. 4-20,"(4.727283,-76.120418)","(4.727283, -76.120418)"
Gobernación,Valle del Cauca,Bolívar,1,Parque Principal,carrera 4 #7-41,"(4.337245,-76.184361)","(4.337245, -76.184361)"
Gobernación,Valle del Cauca,Bolívar,1,Parque principal corregimiento de la Tulia,3 carrera con calle 3,"(4.384099,-76.24411)","(4.384099, -76.24411)"
Gobernación,Valle del Cauca,Buenaventura,1,Muelle turístico,Carrera 2 y calle 1,"(3.88877,-77.082085)","(3.88877, -77.082085)"
Gobernación,Valle del Cauca,Buenaventura,1,Plazoleta Alcaldía,Calle 2 Carrera 3,"(3.887760,-77.0774)","(3.88776, -77.0774)"
Gobernación,Valle del Cauca,Guadalajara de Buga,1,Parque Alto Bonito,Kra 7E y 8E Calles 12A y 13,"( 3.89964,-76.286252)","(3.89964, -76.286252)"
Gobernación,Valle del Cauca,Guadalajara de Buga,1,Parque la Revolución,Calle 12 No 21-12,"(3.899722,-76.301944)","(3.899722, -76.301944)"
Gobernación,Valle del Cauca,Guadalajara de Buga,1,Parque Fuenmayor,Carrera 9 entre calles 17 y 18,"( 3.906944,-76.293333)","(3.906944, -76.293333)"
Gobernación,Valle del Cauca,Bugalagrande,1,Parque barrio cocicoimpa,Calle 1 sur con Cra 7 sur,"(4.201944,-76.160278)","(4.201944, -76.160278)"
Gobernación,Valle del Cauca,Bugalagrande,1,Parque barrio San Bernabé,Calle 6 Cra 7,"( 4.213339,-76.157222)","(4.213339, -76.157222)"
Gobernación,Valle del Cauca,Bugalagrande,1,Parque la Maria II Etapa,Calle 9 sur Cra 7 sur,"( 4.199167,-76.161389)","(4.199167, -76.161389)"
Gobernación,Valle del Cauca,Caicedonia,1,Parque el Carmen,Calle 8 y 9 con carrera 15,"( 4.331144,-75.828956)","(4.331144, -75.828956)"
Gobernación,Valle del Cauca,Caicedonia,1,Parque Gutierrez y Arango,Calle 12 y 13 con carrera 25,"(4.334919,-75.828558)","(4.334919, -75.828558)"
Gobernación,Valle del Cauca,Cali,1,Plaza de San Francisco,Cra 6 entre calle 9 y 10,"(3.449444,-76.53333)","(3.449444, -76.53333)"
Gobernación,Valle del Cauca,Cali,1,Parque Escuela de Bellas Artes,Avenida 2 norte # 7N - 66,"(3.453474,-76.536550)","(3.453474, -76.53655)"
Gobernación,Valle del Cauca,Calima,1,Parque principal,Calle 10 con carrera 6 y7,"( 3.9316667,-76.4838888)","(3.9316667, -76.4838888)"
Gobernación,Valle del Cauca,Calima,1,Museo Arqueológico,Calle 10 # 12-50,"(3.933517,-76.488568)","(3.933517, -76.488568)"
Gobernación,Valle del Cauca,Candelaria,1,Parque principal casco Urbano,Calles 9 y 10 entre Cra 7 y 8,"( 3.409217,-76.347053)","(3.409217, -76.347053)"
Gobernación,Valle del Cauca,Candelaria,1,Poblado campestre,Entre calle 20 y 20B y Carrera 39 y 39B,"(3.410798,-76.458317)","(3.410798, -76.458317)"
Gobernación,Valle del Cauca,Cartago,1,Plaza de Mercado,Cra 6 entre calles 11 y 13,"(3.410798,-75.915918)","(3.410798, -75.915918)"
Gobernación,Valle del Cauca,Cartago,1,Parque de Guadalupe ( iglesia),Cra 4y 5 entre calle 8 y 9,"( 4.747975,-75.908183)","(4.747975, -75.908183)"
Gobernación,Valle del Cauca,Cartago,1,peatonal de la calle casa del virrey,Calle 13 entre carrera 4 y 5,"( 4.74945,-75.9149)","(4.74945, -75.9149)"
Gobernación,Valle del Cauca,Dagua,1,Parque Ricaute,Calle 9 con calle 22,"(3.6561,-76.6867)","(3.6561, -76.6867)"
Gobernación,Valle del Cauca,Dagua,1,Parque El llanito,Cra 13 entre calle 6 y 7,"(3.6594444,-76.6913888)","(3.6594444, -76.6913888)"
Gobernación,Valle del Cauca,El Águila,1,Barrio Asprodica,Cra 6 entre calles 11 y 13 Barrio Asprodica,"( 4.899722,-76.045)","(4.899722, -76.045)"
Gobernación,Valle del Cauca,El Cairo,1,Parque principal,Cra 5 con calle 8 esquina,"(4.761762,-76.2207101)","(4.761762, -76.2207101)"
Gobernación,Valle del Cauca,El Cairo,1,Hostal el Cairo,Cra 3 con calle 9 No. 9-10,"(4.761295,-76.2202095)","(4.761295, -76.2202095)"
Gobernación,Valle del Cauca,El cerrito,1,Brisas de la merced ( teatrino marina Arango),Calle 1a sur  y carrera 12,"(  3.681166,-76.312816)","(3.681166, -76.312816)"
Gobernación,Valle del Cauca,El cerrito,1,Parque el placer (corregimiento),Calle 7 entre carreras 6 y 7,"( 3.602500,-76.2686)","(3.6025, -76.2686)"
Gobernación,Valle del Cauca,El Dovio,1,El Ceres El Dovio,Cra 7 No.  7-80 barrio Nicolás Borrero,"(4.510633,-76.238988)","(4.510633, -76.238988)"
Gobernación,Valle del Cauca,El Dovio,1,Parque principal barrio central,Cra 7 y 8 calle 7 esquina,"(4.511700,-76.23867)","(4.5117, -76.23867)"
Gobernación,Valle del Cauca,Florida,1,Parque chocosito,Cra 20 entre 9 y 10,"(3.287426,-76.299126)","(3.287426, -76.299126)"
Gobernación,Valle del Cauca,Florida,1,Parque bosque Municipal,Calle 6 con cra 7,"(3.316667,-72.28889)","(3.316667, -72.28889)"
Gobernación,Valle del Cauca,Ginebra,1,Corregimiento de Costa Rica Parque Central,Carrera 5 entre calles 11 y 12,"(3.752401,-76.233502)","(3.752401, -76.233502)"
Gobernación,Valle del Cauca,Ginebra,1,Parque del samán,Cra 2N con calle 9 y 10,"(3.316667,-72.28891)","(3.316667, -72.28891)"
Gobernación,Valle del Cauca,Guacarí,1,Casa de la cultura,Calle 4 No 7 - 46,"(3.762778,-76.332472)","(3.762778, -76.332472)"
Gobernación,Valle del Cauca,Guacarí,1,Parque principal,Calle 3 y 4 con carrera 8 y 9,"(3.763194,-76.33425)","(3.763194, -76.33425)"
Gobernación,Valle del Cauca,Guacarí,1,Plazoleta galería,Calle 6 y séptima con carrera 6,"(3.764598,-76.33206)","(3.764598, -76.33206)"
Gobernación,Valle del Cauca,Jamundí,1,Coliseo Alfaguara (imdere),Calle 2 / carrera 15,"( 3.764598,-76.5494444)","(3.764598, -76.5494444)"
Gobernación,Valle del Cauca,Jamundí,1,Villa paz ( parque principal),Corregimiento Villa Paz,"( 3.134444,-76.5436111)","(3.134444, -76.5436111)"
Gobernación,Valle del Cauca,Jamundí,1,Jamundí ( parque principal),Carrera 10 y 11,"(3.261784,-76.540846)","(3.261784, -76.540846)"
Gobernación,Valle del Cauca,Jamundí,1,Robles ( parque principal),Corregimiento de Robles,"(3.129175,-76.594305)","(3.129175, -76.594305)"
Gobernación,Valle del Cauca,Jamundí,1,Jamundí ( parque Bello Horizontal),Carrera 6 con Calle 16B,"(3.265000,-76.5338)","(3.265, -76.5338)"
Gobernación,Valle del Cauca,La cumbre,1,Parque Villanueva,Cra 7y 8 entre calle 3 y 4,"(3.650278,-76.569722)","(3.650278, -76.569722)"
Gobernación,Valle del Cauca,La cumbre,1,Parque el samán,Corregimiento de pavas,"(3.650278,-76.5838888)","(3.650278, -76.5838888)"
Gobernación,Valle del Cauca,La Unión,1,Parque principal Argerimo escobar Cardona,Calle 15 No 16-49,"( 4.532144,-76.1027)","(4.532144, -76.1027)"
Gobernación,Valle del Cauca,La Unión,1,Casa de la cultura y la Ermita,Cra 10 entre calle 14 y 15,"(4.532144,-76.1015)","(4.532144, -76.1015)"
Gobernación,Valle del Cauca,La Unión,1,Parque San Pedro,Calle 22 y 23,"(4.539053,-76.10237)","(4.539053, -76.10237)"
Gobernación,Valle del Cauca,La victoria,1,Parque principal los fundadores casco,Calle 8 y 9 con cra 6 y 7,"(4.523306,-76.035861)","(4.523306, -76.035861)"
Gobernación,Valle del Cauca,La victoria,1,Parque lanceros (caso urbano),Calle 6 b con Cra 6 y 5,"(4.524105,-76.036071)","(4.524105, -76.036071)"
Gobernación,Valle del Cauca,Obando,1,ciudadela Obando,Cra 2 con calle 9,"(4.578914,-75.971097)","4 578914
Gobernación,Valle del Cauca,Obando,1,Villa Europa,Calle 5 con carrera 5D,"(4.577413,-75.975211)","(4.577413, -75.975211)"
Gobernación,Valle del Cauca,Palmira,1,Parque del corregimiento de rozo,Avenida 9 con calle 10,"( 3.614866,-76.386513)","(3.614866, -76.386513)"
Gobernación,Valle del Cauca,Palmira,1,Parque santa teresita,Transv. 39 con calle 48 esquina,"(3.543333,-76.310556)","(3.543333, -76.310556)"
Gobernación,Valle del Cauca,Palmira,1,Parque del Amor,Calle 32 con carrera 18 esquina,"(3.528056,-76.2902777)","(3.528056, -76.2902777)"
Gobernación,Valle del Cauca,Palmira,1,Parque Llano grande,Calle 31/carrera 44,"(3.528056,-76.315556)","(3.528056, -76.315556)"
Gobernación,Valle del Cauca,Palmira,1,Parque villa diana,Calle 63/Cra 41,"(3.547581,-76.310009)","(3.547581, -76.310009)"
Gobernación,Valle del Cauca,Pradera,1,Cic  Villa marina,Calle 8 con carrera 20,"(3.425833,-76.248611)","(3.425833, -76.248611)"
Gobernación,Valle del Cauca,Pradera,1,Cachas Galería,Calle 8 con carrera 13 esq.,"(3.420277,-76.244722)","(3.420277, -76.244722)"
Gobernación,Valle del Cauca,Restrepo,1,Parque media torta,Calle 11 y 13 con carrera 14 y 16,"(3.822500,-76.525278)","(3.8225, -76.525278)"
Gobernación,Valle del Cauca,Restrepo,1,Zona Uniciencia Barrio Galán,Cra 16B con calle 5,"(3.818333,-76.526389)","(3.818333, -76.526389)"
Gobernación,Valle del Cauca,Riofrío,1,Parque principal cabecera Municipal,Calle 4 con carrera 9,"(4.155556,-76.288056)","(4.155556, -76.288056)"
Gobernación,Valle del Cauca,Riofrío,1,Parque Temático,Cra 10 N 10-01,"(4.154722,-76.287778)","(4.154722, -76.287778)"
Gobernación,Valle del Cauca,Roldanillo,1,Barrio Humberto Gonzalez Narváez ( Iglesia),Carrera 10 con carrera 11,"(4.408609,-76.159912)","(4.408609, -76.159912)"
Gobernación,Valle del Cauca,Roldanillo,1,Parque la Ermita,Calle 4 con carrera 8,"(4.412111,-76.156798)","(4.412111, -76.156798)"
Gobernación,Valle del Cauca,Roldanillo,1,Parque san Sebastián (ELIAS GUERRERO),Carrera 7 con carrera 8,"(4.411058,-76.154426)","(4.411058, -76.154426)"
Gobernación,Valle del Cauca,San Pedro,1,Parque recreacional San Pedro,Carrera 6 / Calle 7,"(3.998611,-76.228889)","(3.998611, -76.228889)"
Gobernación,Valle del Cauca,San Pedro,1,"Plaza principal, Presidente"corregimiento presidente,"(3.998889,-76.229167)","(3.998889, -76.229167)"
Gobernación,Valle del Cauca,Sevilla,1,Parque de la Concordia,Calle 52 No 49-52,"(4.264504,-75.934438)","(4.264504, -75.934438)"
Gobernación,Valle del Cauca,Sevilla,1,Vereda San Antonio,Vereda San Antonio,"(4.216028,-76.939722)","(4.216028, -76.939722)"
Gobernación,Valle del Cauca,Sevilla,1,Sector rural Coloradas,Sector rural Vereda las Coloradas,"(4.205000,-75.9572222222222)","(4.205, -75.9572222222222)"
Gobernación,Valle del Cauca,Toro,1,Barrio El Lazano,Calle 11  sector centro,"(4.618762,-76.077265)","(4.618762, -76.077265)"
Gobernación,Valle del Cauca,Toro,1,Barrio El Chanco,Calle 12 No. 2 sur-290,"(4.603681,-76.078983)","(4.603681, -76.078983)"
Gobernación,Valle del Cauca,Trujillo,1,Corregimiento Andinapolis,Corregimiento Andinanapolis Parque ppal.,"(4.167439,-76.387022)","(4.167439, -76.387022)"
Gobernación,Valle del Cauca,Trujillo,1,Corregimiento de Venecia,Corregimiento de Venecia,"( 4.193889,-76.390833)","(4.193889, -76.390833)"
Gobernación,Valle del Cauca,Tuluá,1,Coliseo de Ferias Manuel Victoria Rojas,Calle 13 con cra 30,"(4.193889,-76.187206)","(4.193889, -76.187206)"
Gobernación,Valle del Cauca,Tuluá,1,Plaza Cívica Boyacá,Calle 25 y 26 con carrera 25 y 26,"(4.085556,-76.1975)","(4.085556, -76.1975)"
Gobernación,Valle del Cauca,Tuluá,1,Polideportivo Barrio Alameda,Tv 12/Cra 24 con calle 25/26,"(4.100556,-76.198611)","(4.100556, -76.198611)"
Gobernación,Valle del Cauca,Tuluá,1,Lago Chilicote,Calle 34 con carrera 21,"(4.077778,-76.202222)","(4.077778, -76.202222)"
Gobernación,Valle del Cauca,Ulloa,1,Parque principal,Cra 3 y 4 con calle 7,"(4.703527,-75.737886)","(4.703527, -75.737886)"
Gobernación,Valle del Cauca,Ulloa,1,Casa de la cultura,Calle 4 y 5 con cra. 2 y 3,"(4.703878,-75.738156)","(4.703878, -75.738156)"
Gobernación,Valle del Cauca,Versalles,1,Parque principal,Calle 9 entre carrera 6 y 7,"(4.575014,-76.199833)","(4.575014, -76.199833)"
Gobernación,Valle del Cauca,Versalles,1,Casa de la cultura,Calle 8 con carrera 2 esquina,"(4.575894,-76.197144)","(4.575894, -76.197144)"
Gobernación,Valle del Cauca,Vijes,1,Parque principal,Cra 4 y 5 entre calle 5 y 6,"(3.700556,-76.4425)","(3.700556, -76.4425)"
Gobernación,Valle del Cauca,Vijes,1,Parque Villa Esperanza,Calle 8 con calle 7,"(3.700556,-76.441906)","(3.700556, -76.441906)"
Gobernación,Valle del Cauca,Yotoco,1,Parque Principal,Carrera 5 con calle 4 frente Alcaldía,"(3.861504,-76.385086)","(3.861504, -76.385086)"
Gobernación,Valle del Cauca,Yotoco,1,Instituto Municipal de Deportes,Cra 7 No. 5-37,"(3.877222,-76.3825)","(3.877222, -76.3825)"
Gobernación,Valle del Cauca,Yumbo,1,Parque Barrio Guadalupe,Calle 16 No. 16n 30,"(3.877222,-76.4832)","(3.877222, -76.4832)"
Gobernación,Valle del Cauca,Yumbo,1,IMDERTY,Calle 16 Kra 4,"(3.582220,-76.48361111)","(3.58222, -76.48361111)"
Gobernación,Valle del Cauca,Yumbo,1,Polideportivo Tomás Bernardo Chávez,Carrera 3 Norte Con Calle 16 Barrio Guacandá,"(3.578056,-76.487778)","(3.578056, -76.487778)"
Gobernación,Valle del Cauca,Yumbo,1,Parque de la Estancia,Calle 19 con carrera 20,"(3.570556,-76.4805555)","(3.570556, -76.4805555)"
Gobernación,Valle del Cauca,Zarzal,1,Parque Santander,Calle 10 calle 11 con Cra 9 y 10,"(4.395167,-76.070783)","(4.395167, -76.070783)"
Gobernación,Valle del Cauca,Zarzal,1,Parque Barrio Bolívar,Calle 14 y 15 con Cra 8 y 9,"(4.397295,-76.068266)","(4.397295, -76.068266)"
MinTic,Valle del Cauca,Bolívar,1,Parque principal,Parque principal ricaute,"(4.308258,-76.207756)","(4.308258, -76.207756)"
MinTic,Valle del Cauca,Bolívar,1,Parque Principal corregimiento La Primavera,Calle 9 y Carrera 5,"(4.337222,-76.1847222222222)","(4.337222, -76.1847222222222)"
MinTic,Valle del Cauca,Buenaventura,1,Polideportivo de la independencia,Kr 62 con diagonal 9a,"(3.878148,-76.999961)","(3.878148, -76.999961)"
MinTic,Valle del Cauca,Buenaventura,1,Parque lleras,Calle 2 con cra 18,"(3.877836,-77.062818)","(3.877836, -77.062818)"
MinTic,Valle del Cauca,Buenaventura,1,Parque montechino,Carrera 17 con calle 4,"(3.880656,-77.065409)","(3.880656, -77.065409)"
MinTic,Valle del Cauca,Buenaventura,1,Boulevard centro,Calle 3 con cra 2,"(3.890545,-77.078846)","(3.890545, -77.078846)"
MinTic,Valle del Cauca,Cali,1,Cancha la estacoión,Cancha la estación kr 3an con calle 72f a 72j,"(3.493986,-76.493165)","(3.493986, -76.493165)"
MinTic,Valle del Cauca,Cali,1,Unidad deportiva laureano,Calle 49 y 50 alrededor del nuevo centro de desarrollo empresarial de la secretaria de desarrollo económico,"(3.413861,-76.495139)","(3.413861, -76.495139)"
MinTic,Valle del Cauca,Cali,1,Polideportivo el diamante,Polideportivo el diamante,"(3.420221,-76.502107)","(3.420221, -76.502107)"
MinTic,Valle del Cauca,Cali,1,Zona deportiva principal barrio petecuy ll etapa,Barrio petecuy ii,"(3.479175,-76.482694)","(3.479175, -76.482694)"
MinTic,Valle del Cauca,Candelaria,1,Parque Zoraida Zamorano,Cl. 13 #15a22,"(3.479175,-76.385106)","(3.479175, -76.385106)"
MinTic,Valle del Cauca,Candelaria,1,Parque principal el tiple,Parque el triple,"(3.479175,-76.425919)","(3.479175, -76.425919)"
MinTic,Valle del Cauca,Cartago,1,Parque la isleta,Parque la isleta,"(7.751750,-75.910130)","(7.75175, -75.91013)"
MinTic,Valle del Cauca,Cartago,1,Parque principal,Parque el lineal cra 2,"(4.751891,-75.920965)","(4.751891, -75.920965)"
MinTic,Valle del Cauca,Dagua,1,Centro recreacional,Centro recreacional,"(3.656905,-76.693448)","(3.656905, -76.693448)"
MinTic,Valle del Cauca,El Águila,1,Polideportivo punta brava,Polideportivo punta brava,"(4.908653,-76.041852)","(4.908653, -76.041852)"
MinTic,Valle del Cauca,El Cerrito,1,Corregimiento santa elena parque principal,Parque principal santa elena,"(3.658917,-76.245806)","(3.658917, -76.245806)"
MinTic,Valle del Cauca,El Cerrito,1,Corregimiento san antonio sector la reforma,Reforma,"(3.685667,-76.351950)","(3.685667, -76.35195)"
MinTic,Valle del Cauca,Florida,1,Parque san antonio de los caballeros,Parque san antonio de los caballeros,"(3.355344,-76.296164)","(3.355344, -76.296164)"
MinTic,Valle del Cauca,Florida,1,Plaza de la paz - Parque de la paz,Cra. 20 #919,"(3.325909,-76.236958)","(3.325909, -76.236958)"
MinTic,Valle del Cauca,Ginebra,1,Parque principal,Via ginebra-guacarí #4-1,"(3.723692,-76.268768)","(3.723692, -76.268768)"
MinTic,Valle del Cauca,Guadalajara de Buga,1,Parque maria luisa espada,Cl. 29a #8-2,"(3.917181,-76.291177)","(3.917181, -76.291177)"
MinTic,Valle del Cauca,Guadalajara de Buga,1,Plazoleta lourdes basilica,Calle 4 entre carrera 14 y15,"(3.897546,-76.302928)","(3.897546, -76.302928)"
MinTic,Valle del Cauca,Obando,1,Parque principal,"Cra. 2 #22 obando","(4.574579,-75.972240)","(4.574579, -75.97224)"
MinTic,Valle del Cauca,Pradera,1,Parque principal Simón Bolívar,"Cra. 11 #547 pradera","(3.419753,-76.242379)","(3.419753, -76.242379)"
MinTic,Valle del Cauca,Pradera,1,Parque del barrio Berlín,Cra 2 entre cll 1a y 1b,"(3.419753,-76.233235)","(3.419753, -76.233235)"
MinTic,Valle del Cauca,Restrepo,1,Plaza de mercado,Cll 13 con cra 10,"(3.822469,-76.522272)","(3.822469, -76.522272)"
MinTic,Valle del Cauca,Restrepo,1,Parque principal,Carrera 10 entre 12 y 13,"(3.822469,-76.522361)","(3.822469, -76.522361)"
MinTic,Valle del Cauca,San Pedro,1,"Plaza principal, casco urbano chancos"Parque principal chancos,"(4.018803,-76.212218)","(4.018803, -76.212218)"
MinTic,Valle del Cauca,Tuluá,1,Parque lineal juan maria cespedes.,Cra. 28 #26-1,"(4.084500,-76.195581)","(4.0845, -76.195581)"
MinTic,Valle del Cauca,Yotoco,1,Parque principal media canoa,Parque principal media canoa,"(3.900247,-76.376232)","(3.900247, -76.376232)"
MinTic,Valle del Cauca,Yumbo,1,Polideportivo Portal de comfndi,Cra 9 con cll 14a,"(3.581561,-76.484451)","(3.581561, -76.484451)"
MinTic,Valle del Cauca,El Dovio,1,Villa Emma,Carrera 7 con Calle 7 Barrio Nicolás Borrero Olano,"(4.5111111,-76.238611111111)","(4.5111111, -76.238611111111)"
MinTic,Valle del Cauca,Riofrío,1,Parque Principal del corregimiento Portugal,Parque Principal del corregimiento Portugal,"(4.051387,-76.359013)","(4.051387, -76.359013)"
MinTic,Valle del Cauca,Riofrío,1,Parque Principal del corregimientos de Salónica,Parque Principal del corregimientos de Salónica,"(4.051387,-76.359013)","(4.051387, -76.359013)"
MinTic,Valle del Cauca,El Águila,1,Parque Principal,Carrera 3 Con Calle 7,"(4.907833,-76.042116)","(4.907833, -76.042116)"
Cali - Alcaldia,Valle del Cauca,Cali,1,Parque el Ingenio,Calle 16 con Cra 83,"(3.386358,-76.533975)","(3.386358, -76.533975)"
Cali - Alcaldia,Valle del Cauca,Cali,1,Canchas Panamericanas,Calle 9 - cra 34,"(3.425708,-76.5370055555555)","(3.425708, -76.5370055555555)"
Cali - Alcaldia,Valle del Cauca,Cali,1,Parque Del Perro,Cra 34 con Calle 3,"(3.425708,-76.5455222222222)","(3.425708, -76.5455222222222)"
Cali - Alcaldia,Valle del Cauca,Cali,1,Parque San Nicolás,Cra 6 con Calle 19,"(3.453811,-76.5254805555555)","(3.453811, -76.5254805555555)"
Cali - Alcaldia,Valle del Cauca,Cali,1,Parque barrio Obrero,Cra 10 con Calle 22A,"(3.449350,-76.5204888888888)","(3.44935, -76.5204888888888)"
Cali - Alcaldia,Valle del Cauca,Cali,1,Parque El Vallado,Cra 41b con cll 50,"(3.406461,-76.502275)","(3.406461, -76.502275)"
Cali - Alcaldia,Valle del Cauca,Cali,1,Parque Pizamos,Calle 121 con Cra 28 D7,"(3.408011,-76.4732805555555)","(3.408011, -76.4732805555555)"
Cali - Alcaldia,Valle del Cauca,Cali,1,Parque Alfonso López,Calle 72A con Cra 7DBis,"(3.462822,-76.4813222222222)","(3.462822, -76.4813222222222)"
Cali - Alcaldia,Valle del Cauca,Cali,1,"Cancha los azules, desepaz"Calle 125a carrera 26h,"(3.419450,-76.4636611111111)","(3.41945, -76.4636611111111)"
Cali - Alcaldia,Valle del Cauca,Cali,1,Parque Antonio Nariño,Cra 40 con calle 39,"(3.419450,-76.5090916666666)","(3.41945, -76.5090916666666)"
Cali - Alcaldia,Valle del Cauca,Cali,1,Parque Santa Rosa Poblado II,Cra 28-3 con Calle 72 Y,"(3.422792,-76.4878333333333)","(3.422792, -76.4878333333333)"
Cali - Alcaldia,Valle del Cauca,Cali,1,Polideportivo Los Naranjos,Calle 77 con Cra 26 G3,"(3.432344,-76.4804972222222)","(3.432344, -76.4804972222222)"
Cali - Alcaldia,Valle del Cauca,Cali,1,Parque Llano Verde,Cra 46 con Calle 55A,"(3.396211,-76.5060111111111)","(3.396211, -76.5060111111111)"
Cali - Alcaldia,Valle del Cauca,Cali,1,Centro Cultural Alto Jordán,Calle 1B Oeste con cra 93,"(3.377506,-76.6077777777777)","(3.377506, -76.6077777777777)"
Cali - Alcaldia,Valle del Cauca,Cali,1,Centro Cultural Comuna 13,Calle 71 A con Cra 28D,"(3.428714,-76.4970305555555)","(3.428714, -76.4970305555555)"
Cali - Alcaldia,Valle del Cauca,Cali,1,Conjunto habitacional Ramalí,CALLE 85- CRA 1A3,"(3.489933,-76.4846194444444)","(3.489933, -76.4846194444444)"
Cali - Alcaldia,Valle del Cauca,Cali,1,Conjunto habitacional Rio Cauca,Cra 23 con Calle 76,"(3.440569,-76.4769583333333)","(3.440569, -76.4769583333333)"
Cali - Alcaldia,Valle del Cauca,Cali,1,Parque Las Banderas,Cra 36 con Calle 5ta,"(3.431192,-76.5430916666666)","(3.431192, -76.5430916666666)"
Cali - Alcaldia,Valle del Cauca,Cali,1,Parque Skate Board,Calle 51 con Cra 42 D2,"(3.401750,-76.5074111111111)","(3.40175, -76.5074111111111)"
Cali - Alcaldia,Valle del Cauca,Cali,1,Parque Petecuy,Cra 2E con Calle 73 A,"(3.472222,-76.4806388888888)","(3.472222, -76.4806388888888)"
Cali - Alcaldia,Valle del Cauca,Cali,1,Parque Alfonso Barberena,Cra 25 con transversal 30,"(3.433564,-76.5094416666666)","(3.433564, -76.5094416666666)"
Cali - Alcaldia,Valle del Cauca,Cali,1,Polideportivo Los Farallones,Cra 72 con Calle 2,"(3.391950,-76.5529)","(3.39195, -76.5529)"
Cali - Alcaldia,Valle del Cauca,Cali,1,Parque Los Guerreros,Cra 23 con Calle 80 A – 80 C,"(3.437875,-76.4727972222222)","(3.437875, -76.4727972222222)"
Cali - Alcaldia,Valle del Cauca,Cali,1,Museo La Tertulia,Avenida 1 con Calle 5 Oeste,"(3.449958,-76.5394444444444)","(3.449958, -76.5394444444444)"
Cali - Alcaldia,Valle del Cauca,Cali,1,Parque San Marino,Cra 7d con calle 65,"(3.460833,-76.4879944444444)","(3.460833, -76.4879944444444)"
Cali - Alcaldia,Valle del Cauca,Cali,1,Parque La Flora,Avenida 5 N con Calle 47  N,"(3.377506,-76.5577777777777)","(3.377506, -76.5577777777777)"
Cali - Alcaldia,Valle del Cauca,Cali,1,Parque Alfonso Bonilla Aragón,Cra 28 con Calle 95,"(3.419722,-76.4886111111111)","(3.419722, -76.4886111111111)"
Cali - Alcaldia,Valle del Cauca,Cali,1,POLIDEPORTIVO LOS ALMENDROS,Calle 62 Carrera 2,"(3.470619,-76.493325)","(3.470619, -76.493325)"
Cali - Alcaldia,Valle del Cauca,Cali,1,Centro Cultural Vista Hermosa,Avenida 5 Oeste con Calle 44,"(3.462492,-76.5877861111111)","(3.462492, -76.5877861111111)"
Cali - Alcaldia,Valle del Cauca,Cali,1,Parque Mutis,Avenida 6 Oeste con Calle 17,"(3.454092,-76.55825)","(3.454092, -76.55825)"
Cali - Alcaldia,Valle del Cauca,Cali,1,PARQUE YO AMO A SILOE,Calle 6F Oeste Carrera 49,"(3.420597,-76.556819)","(3.420597, -76.556819)"
Cali - Alcaldia,Valle del Cauca,Cali,1,Parque La Orqueta,Cra 48 con Calle 1 Oeste,"(3.418883,-76.5539333333333)","(3.418883, -76.5539333333333)"
Cali - Alcaldia,Valle del Cauca,Cali,1,Plaza de Mercado Alameda,Cra 24 con Calle 9,"(3.434842,-76.5394444444444)","(3.434842, -76.5394444444444)"
Cali - Alcaldia,Valle del Cauca,Cali,1,Polideportivo Villa Colombia,Calle 50 -Cra 10,"(3.451083,-76.5004444444444)","(3.451083, -76.5004444444444)"
Cali - Alcaldia,Valle del Cauca,Cali,1,Parque Colseguros,Calle 12 A con Cra 31,"(3.451083,-76.529611)","(3.451083, -76.529611)"
Cali - Alcaldia,Valle del Cauca,Cali,1,Parque India Elena,Cra 28 con calle 17,"(3.429561,-76.5244)","(3.429561, -76.5244)"
Cali - Alcaldia,Valle del Cauca,Cali,1,Parque Tequendama,Calle 5 A con Cra 38 Bis,"(3.425118,-76.544483)","(3.425118, -76.544483)"
Cali - Alcaldia,Valle del Cauca,Cali,1,Parque Sector Amarillo Skate Park,Cra 26 J con Calle 121 A,"(3.418181,-76.4673583333333)","(3.418181, -76.4673583333333)"
Cali - Alcaldia,Valle del Cauca,Cali,1,Parque Biblioteca Daniel Guillar,Cra 26 T con Calle 72 W,"(3.426375,-76.486345)","(3.426375, -76.486345)"
Cali - Alcaldia,Valle del Cauca,Cali,1,Polideportivo Torres de Comfandi,Calle 57 con Cra 1 C,"(3.474438,-76.49968)","(3.474438, -76.49968)"